,precision,recall,f1-score,support
0,0.9803921568627451,0.9803921568627451,0.9803921568627451,51.0
1,0.9893617021276596,0.9893617021276596,0.9893617021276596,94.0
accuracy,0.9862068965517241,0.9862068965517241,0.9862068965517241,0.9862068965517241
macro avg,0.9848769294952023,0.9848769294952023,0.9848769294952023,145.0
weighted avg,0.9862068965517241,0.9862068965517241,0.9862068965517241,145.0
