{
    "balanced_accuracy_score": 0.9848769294952023,
    "precision_score": 0.9862068965517241,
    "recall_score": 0.9862068965517241,
    "f1_score": 0.9862068965517241
}